{
  "cities": [
    {
      "id": "houston",
      "name": "Houston",
      "slug": "houston",
      "population": 2304580,
      "image": "https://images.unsplash.com/photo-1605647540924-852290f6b0d5?w=800&auto=format&fit=crop"
    },
    {
      "id": "sugar-land",
      "name": "Sugar Land",
      "slug": "sugar-land",
      "population": 111026,
      "image": "https://images.unsplash.com/photo-1518780664697-55e3ad937233?w=800&auto=format&fit=crop"
    },
    {
      "id": "the-woodlands",
      "name": "The Woodlands",
      "slug": "the-woodlands",
      "population": 114436,
      "image": "https://images.unsplash.com/photo-1441974231531-c6227db76b6e?w=800&auto=format&fit=crop"
    },
    {
      "id": "pearland",
      "name": "Pearland",
      "slug": "pearland",
      "population": 125817,
      "image": "https://images.unsplash.com/photo-1464146072230-91cabc968266?w=800&auto=format&fit=crop"
    },
    {
      "id": "league-city",
      "name": "League City",
      "slug": "league-city",
      "population": 105410,
      "image": "https://images.unsplash.com/photo-1559827260-dc66d52bef19?w=800&auto=format&fit=crop"
    },
    {
      "id": "katy",
      "name": "Katy",
      "slug": "katy",
      "population": 21894,
      "image": "https://images.unsplash.com/photo-1477959858617-67f85cf4f1df?w=800&auto=format&fit=crop"
    },
    {
      "id": "spring",
      "name": "Spring",
      "slug": "spring",
      "population": 62559,
      "image": "https://images.unsplash.com/photo-1426604966848-d7adac402bff?w=800&auto=format&fit=crop"
    },
    {
      "id": "missouri-city",
      "name": "Missouri City",
      "slug": "missouri-city",
      "population": 74139,
      "image": "https://images.unsplash.com/photo-1480714378408-67cf0d13bc1b?w=800&auto=format&fit=crop"
    },
    {
      "id": "pasadena",
      "name": "Pasadena",
      "slug": "pasadena",
      "population": 151950,
      "image": "https://images.unsplash.com/photo-1449824913935-59a10b8d2000?w=800&auto=format&fit=crop"
    },
    {
      "id": "baytown",
      "name": "Baytown",
      "slug": "baytown",
      "population": 83701,
      "image": "https://images.unsplash.com/photo-1469854523086-cc02fe5d8800?w=800&auto=format&fit=crop"
    },
    {
      "id": "conroe",
      "name": "Conroe",
      "slug": "conroe",
      "population": 98081,
      "image": "https://images.unsplash.com/photo-1475924156734-496f6cac6ec1?w=800&auto=format&fit=crop"
    },
    {
      "id": "friendswood",
      "name": "Friendswood",
      "slug": "friendswood",
      "population": 41213,
      "image": "https://images.unsplash.com/photo-1502082553048-f009c37129b9?w=800&auto=format&fit=crop"
    }
  ],
  "therapists": [
    {
      "id": "t-0001",
      "firstName": "Ava",
      "lastName": "Martinez",
      "cityId": "houston",
      "services": ["CBT", "Anxiety", "Depression"],
      "phone": "(713) 555-0134",
      "email": "ava.martinez@example.com",
      "website": "https://example.com/ava-martinez",
      "address": "123 Main St, Houston, TX 77002",
      "photo": "https://images.unsplash.com/photo-1494790108377-be9c29b29330?w=400&auto=format&fit=crop",
      "bio": "Licensed professional counselor specializing in cognitive behavioral therapy and anxiety disorders. Over 10 years of experience helping clients achieve their mental health goals.",
      "languages": ["English", "Spanish"]
    },
    {
      "id": "t-0002",
      "firstName": "Michael",
      "lastName": "Chen",
      "cityId": "houston",
      "services": ["Couples Therapy", "Family Therapy", "Stress Management"],
      "phone": "(713) 555-0245",
      "email": "michael.chen@example.com",
      "website": "https://example.com/michael-chen",
      "address": "456 Smith Ave, Houston, TX 77003",
      "photo": "https://images.unsplash.com/photo-1507003211169-0a1dd7228f2d?w=400&auto=format&fit=crop",
      "bio": "Marriage and family therapist dedicated to helping couples and families build stronger relationships and improve communication.",
      "languages": ["English", "Mandarin"]
    },
    {
      "id": "t-0003",
      "firstName": "Sarah",
      "lastName": "Johnson",
      "cityId": "sugar-land",
      "services": ["PTSD", "Trauma", "Anxiety"],
      "phone": "(281) 555-0156",
      "email": "sarah.johnson@example.com",
      "website": "https://example.com/sarah-johnson",
      "address": "789 First Colony Blvd, Sugar Land, TX 77479",
      "photo": "https://images.unsplash.com/photo-1438761681033-6461ffad8d80?w=400&auto=format&fit=crop",
      "bio": "Trauma-informed therapist specializing in PTSD and trauma recovery. Certified in EMDR and other evidence-based treatments.",
      "languages": ["English"]
    },
    {
      "id": "t-0004",
      "firstName": "David",
      "lastName": "Thompson",
      "cityId": "the-woodlands",
      "services": ["Teen Therapy", "Anxiety", "Depression"],
      "phone": "(936) 555-0267",
      "email": "david.thompson@example.com",
      "website": "https://example.com/david-thompson",
      "address": "321 Research Forest Dr, The Woodlands, TX 77381",
      "photo": "https://images.unsplash.com/photo-1500648767791-00dcc994a43e?w=400&auto=format&fit=crop",
      "bio": "Adolescent psychologist with expertise in helping teens navigate anxiety, depression, and life transitions. Creating a safe, judgment-free space.",
      "languages": ["English"]
    },
    {
      "id": "t-0005",
      "firstName": "Emily",
      "lastName": "Rodriguez",
      "cityId": "pearland",
      "services": ["Child Therapy", "Family Therapy", "Anxiety"],
      "phone": "(281) 555-0378",
      "email": "emily.rodriguez@example.com",
      "website": "https://example.com/emily-rodriguez",
      "address": "654 Broadway St, Pearland, TX 77581",
      "photo": "https://images.unsplash.com/photo-1573496359142-b8d87734a5a2?w=400&auto=format&fit=crop",
      "bio": "Child and family therapist using play therapy and other child-centered approaches. Helping families strengthen bonds and overcome challenges together.",
      "languages": ["English", "Spanish"]
    },
    {
      "id": "t-0006",
      "firstName": "James",
      "lastName": "Lee",
      "cityId": "league-city",
      "services": ["CBT", "Stress Management", "Anger Management"],
      "phone": "(281) 555-0489",
      "email": "james.lee@example.com",
      "website": "https://example.com/james-lee",
      "address": "987 Main St, League City, TX 77573",
      "photo": "https://images.unsplash.com/photo-1472099645785-5658abf4ff4e?w=400&auto=format&fit=crop",
      "bio": "Licensed clinical social worker specializing in stress and anger management. Practical, solution-focused therapy for everyday challenges.",
      "languages": ["English", "Korean"]
    },
    {
      "id": "t-0007",
      "firstName": "Maria",
      "lastName": "Garcia",
      "cityId": "katy",
      "services": ["Depression", "Anxiety", "Couples Therapy"],
      "phone": "(281) 555-0590",
      "email": "maria.garcia@example.com",
      "website": "https://example.com/maria-garcia",
      "address": "234 Katy Fort Bend Rd, Katy, TX 77494",
      "photo": "https://images.unsplash.com/photo-1580489944761-15a19d654956?w=400&auto=format&fit=crop",
      "bio": "Compassionate therapist helping individuals and couples work through depression, anxiety, and relationship challenges with evidence-based approaches.",
      "languages": ["English", "Spanish"]
    },
    {
      "id": "t-0008",
      "firstName": "Robert",
      "lastName": "Williams",
      "cityId": "spring",
      "services": ["PTSD", "Trauma", "CBT"],
      "phone": "(281) 555-0601",
      "email": "robert.williams@example.com",
      "website": "https://example.com/robert-williams",
      "address": "567 Spring Cypress Rd, Spring, TX 77373",
      "photo": "https://images.unsplash.com/photo-1519085360753-af0119f7cbe7?w=400&auto=format&fit=crop",
      "bio": "Veteran therapist specializing in PTSD and trauma treatment for military personnel and first responders. Understanding the unique challenges of service.",
      "languages": ["English"]
    },
    {
      "id": "t-0009",
      "firstName": "Lisa",
      "lastName": "Nguyen",
      "cityId": "missouri-city",
      "services": ["Anxiety", "Depression", "Stress Management"],
      "phone": "(281) 555-0712",
      "email": "lisa.nguyen@example.com",
      "website": "https://example.com/lisa-nguyen",
      "address": "890 Texas Pkwy, Missouri City, TX 77489",
      "photo": "https://images.unsplash.com/photo-1544005313-94ddf0286df2?w=400&auto=format&fit=crop",
      "bio": "Holistic therapist integrating mindfulness and cognitive-behavioral techniques to help clients manage anxiety, depression, and stress.",
      "languages": ["English", "Vietnamese"]
    },
    {
      "id": "t-0010",
      "firstName": "Daniel",
      "lastName": "Brown",
      "cityId": "pasadena",
      "services": ["Family Therapy", "Child Therapy", "Teen Therapy"],
      "phone": "(713) 555-0823",
      "email": "daniel.brown@example.com",
      "website": "https://example.com/daniel-brown",
      "address": "345 Fairmont Pkwy, Pasadena, TX 77504",
      "photo": "https://images.unsplash.com/photo-1506794778202-cad84cf45f1d?w=400&auto=format&fit=crop",
      "bio": "Family systems therapist working with children, adolescents, and families. Building resilience and fostering healthy family dynamics.",
      "languages": ["English"]
    },
    {
      "id": "t-0011",
      "firstName": "Jennifer",
      "lastName": "Patel",
      "cityId": "baytown",
      "services": ["CBT", "Anxiety", "Depression"],
      "phone": "(281) 555-0934",
      "email": "jennifer.patel@example.com",
      "website": "https://example.com/jennifer-patel",
      "address": "678 Garth Rd, Baytown, TX 77521",
      "photo": "https://images.unsplash.com/photo-1487412720507-e7ab37603c6f?w=400&auto=format&fit=crop",
      "bio": "Cognitive-behavioral therapist helping clients overcome anxiety and depression through practical, evidence-based interventions.",
      "languages": ["English", "Hindi"]
    },
    {
      "id": "t-0012",
      "firstName": "Christopher",
      "lastName": "Taylor",
      "cityId": "conroe",
      "services": ["Couples Therapy", "Stress Management", "Anger Management"],
      "phone": "(936) 555-1045",
      "email": "christopher.taylor@example.com",
      "website": "https://example.com/christopher-taylor",
      "address": "901 Interstate 45 N, Conroe, TX 77301",
      "photo": "https://images.unsplash.com/photo-1539571696357-5a69c17a67c6?w=400&auto=format&fit=crop",
      "bio": "Relationship specialist helping couples improve communication and resolve conflicts. Also specializing in stress and anger management.",
      "languages": ["English"]
    },
    {
      "id": "t-0013",
      "firstName": "Amanda",
      "lastName": "Kim",
      "cityId": "houston",
      "services": ["Teen Therapy", "Anxiety", "Depression"],
      "phone": "(713) 555-1156",
      "email": "amanda.kim@example.com",
      "website": "https://example.com/amanda-kim",
      "address": "234 Westheimer Rd, Houston, TX 77006",
      "photo": "https://images.unsplash.com/photo-1534528741775-53994a69daeb?w=400&auto=format&fit=crop",
      "bio": "Youth therapist passionate about supporting teens through anxiety, depression, and identity exploration in a supportive environment.",
      "languages": ["English", "Korean"]
    },
    {
      "id": "t-0014",
      "firstName": "Brian",
      "lastName": "Anderson",
      "cityId": "sugar-land",
      "services": ["CBT", "Stress Management", "Depression"],
      "phone": "(281) 555-1267",
      "email": "brian.anderson@example.com",
      "website": "https://example.com/brian-anderson",
      "address": "456 Sweetwater Blvd, Sugar Land, TX 77479",
      "photo": "https://images.unsplash.com/photo-1463453091185-61582044d556?w=400&auto=format&fit=crop",
      "bio": "Solution-focused therapist using cognitive-behavioral techniques to help clients manage stress, overcome depression, and build resilience.",
      "languages": ["English"]
    },
    {
      "id": "t-0015",
      "firstName": "Rachel",
      "lastName": "Singh",
      "cityId": "friendswood",
      "services": ["Anxiety", "Trauma", "PTSD"],
      "phone": "(281) 555-1378",
      "email": "rachel.singh@example.com",
      "website": "https://example.com/rachel-singh",
      "address": "789 Friendswood Dr, Friendswood, TX 77546",
      "photo": "https://images.unsplash.com/photo-1489424731084-a5d8b219a5bb?w=400&auto=format&fit=crop",
      "bio": "Trauma specialist trained in multiple evidence-based modalities including EMDR and somatic experiencing for anxiety and PTSD treatment.",
      "languages": ["English"]
    },
    {
      "id": "t-0016",
      "firstName": "Kevin",
      "lastName": "Hernandez",
      "cityId": "houston",
      "services": ["Couples Therapy", "Family Therapy", "Anxiety"],
      "phone": "(713) 555-1489",
      "email": "kevin.hernandez@example.com",
      "website": "https://example.com/kevin-hernandez",
      "address": "567 Montrose Blvd, Houston, TX 77006",
      "photo": "https://images.unsplash.com/photo-1552058544-f2b08422138a?w=400&auto=format&fit=crop",
      "bio": "Bilingual therapist specializing in couples and family work. Culturally sensitive approach to building stronger relationships.",
      "languages": ["English", "Spanish"]
    },
    {
      "id": "t-0017",
      "firstName": "Nicole",
      "lastName": "White",
      "cityId": "the-woodlands",
      "services": ["Child Therapy", "Anxiety", "Depression"],
      "phone": "(936) 555-1590",
      "email": "nicole.white@example.com",
      "website": "https://example.com/nicole-white",
      "address": "890 Woodlands Pkwy, The Woodlands, TX 77380",
      "photo": "https://images.unsplash.com/photo-1508214751196-bcfd4ca60f91?w=400&auto=format&fit=crop",
      "bio": "Child psychologist using play therapy and art therapy to help children express emotions and work through anxiety and depression.",
      "languages": ["English"]
    },
    {
      "id": "t-0018",
      "firstName": "Thomas",
      "lastName": "Jackson",
      "cityId": "pearland",
      "services": ["CBT", "Anger Management", "Stress Management"],
      "phone": "(281) 555-1601",
      "email": "thomas.jackson@example.com",
      "website": "https://example.com/thomas-jackson",
      "address": "123 Shadow Creek Pkwy, Pearland, TX 77584",
      "photo": "https://images.unsplash.com/photo-1560250097-0b93528c311a?w=400&auto=format&fit=crop",
      "bio": "Practical, no-nonsense therapist helping clients develop coping skills for anger and stress management using cognitive-behavioral approaches.",
      "languages": ["English"]
    },
    {
      "id": "t-0019",
      "firstName": "Michelle",
      "lastName": "Lopez",
      "cityId": "katy",
      "services": ["Teen Therapy", "Family Therapy", "Anxiety"],
      "phone": "(281) 555-1712",
      "email": "michelle.lopez@example.com",
      "website": "https://example.com/michelle-lopez",
      "address": "456 Mason Rd, Katy, TX 77450",
      "photo": "https://images.unsplash.com/photo-1517841905240-472988babdf9?w=400&auto=format&fit=crop",
      "bio": "Family and teen therapist helping adolescents and their families navigate challenging transitions and strengthen relationships.",
      "languages": ["English", "Spanish"]
    },
    {
      "id": "t-0020",
      "firstName": "Andrew",
      "lastName": "Davis",
      "cityId": "houston",
      "services": ["PTSD", "Trauma", "Depression"],
      "phone": "(713) 555-1823",
      "email": "andrew.davis@example.com",
      "website": "https://example.com/andrew-davis",
      "address": "789 Memorial Dr, Houston, TX 77024",
      "photo": "https://images.unsplash.com/photo-1507591064344-4c6ce005b128?w=400&auto=format&fit=crop",
      "bio": "Experienced trauma therapist offering compassionate, evidence-based treatment for PTSD, trauma, and depression. Creating a path to healing.",
      "languages": ["English"]
    }
  ]
}
